label_source,total,correct,accuracy,avg_prob
R1_R2_Match,94.0,88.0,93.61702127659575,0.9085883778223405
R3_SanityCheck,60.0,53.0,88.33333333333333,0.8663970780366665
