{
  "accuracy": 86.45903859174001,
  "precision_neg": 0.9582608695652174,
  "precision_pos": 0.8048780487804879,
  "recall_neg": 0.7579092159559835,
  "recall_pos": 0.968,
  "f1_neg": 0.8463901689708141,
  "f1_pos": 0.8789346246973365,
  "support_neg": 727,
  "support_pos": 750,
  "auc": 0.9597368179734067,
  "confusion_matrix": [
    [
      551,
      176
    ],
    [
      24,
      726
    ]
  ],
  "num_videos": 1477
}