label_source,total,correct,accuracy,avg_prob
R1_R2_Match,470.0,455.0,96.80851063829788,0.9464414202540425
R3_OneRound,4.0,4.0,100.0,0.9844217650000001
R3_SanityCheck,276.0,267.0,96.73913043478261,0.9374296934184784
