scenario_level_1,total,correct,accuracy,avg_prob
Driving in Lane,429.0,412.0,96.03729603729603,0.9342700874240093
Straight at intersection,151.0,146.0,96.6887417218543,0.9513686354304636
Turning at intersection,94.0,94.0,100.0,0.9726656197872341
Leaving Lane,53.0,52.0,98.11320754716981,0.9482507873584906
Other,23.0,22.0,95.65217391304348,0.928232979043478
