{
  "accuracy": 81.91126279863481,
  "precision_neg": 0.8839285714285714,
  "precision_pos": 0.7790055248618785,
  "recall_neg": 0.7122302158273381,
  "recall_pos": 0.9155844155844156,
  "f1_neg": 0.7888446215139442,
  "f1_pos": 0.8417910447761194,
  "support_neg": 139,
  "support_pos": 154,
  "auc": 0.9034382883303747,
  "confusion_matrix": [
    [
      99,
      40
    ],
    [
      13,
      141
    ]
  ],
  "num_videos": 293
}